Model,Avg. Accuracy,Fold 1,Fold 2,Fold 3,Fold 4,Fold 5
LM_v1,0.2712380952380952,0.2571428571428571,0.2785714285714286,0.2885714285714286,0.27666666666666667,0.25523809523809526
LM_v2,0.27076190476190476,0.2561904761904762,0.2785714285714286,0.28714285714285714,0.2761904761904762,0.2557142857142857
LM_v3,0.27114285714285713,0.25857142857142856,0.2780952380952381,0.2876190476190476,0.2761904761904762,0.25523809523809526
