model,Train Accuracy,Test Accuracy,Arabic,English,Hindi,Indonesian,Polish,Thai,Czech,Japanese,Portuguese,Swedish,French,Korean,Spanish,Finnish,Icelandic,Italian,Chinese,Galician,German,Turkish,Russian
LinReg_V1,0.2712380952380952,0.2712380952380952,0.294,0.256,0.21,0.284,0.282,0.248,0.282,0.044,0.286,0.302,0.238,0.306,0.3,0.342,0.332,0.22,0.286,0.252,0.278,0.304,0.35
LinReg_V2,0.2707619047619047,0.2707619047619047,0.294,0.252,0.21,0.282,0.282,0.248,0.282,0.044,0.284,0.302,0.238,0.306,0.3,0.342,0.332,0.22,0.288,0.252,0.28,0.298,0.35
RF_V1,0.8593095238095237,0.2585714285714285,0.268,0.274,0.17,0.278,0.296,0.198,0.238,0.038,0.31,0.292,0.268,0.25,0.302,0.298,0.276,0.252,0.254,0.298,0.288,0.252,0.33
RF_V2,0.8592142857142857,0.2542857142857143,0.264,0.284,0.164,0.292,0.28,0.17,0.23,0.04,0.304,0.292,0.242,0.252,0.288,0.294,0.28,0.248,0.244,0.302,0.29,0.254,0.326
RF_V3,0.2916666666666666,0.2891428571428572,0.318,0.28,0.224,0.304,0.314,0.258,0.306,0.048,0.312,0.308,0.27,0.308,0.314,0.332,0.354,0.256,0.268,0.3,0.306,0.312,0.38
Ridge_V1,0.2702380952380953,0.2704761904761905,0.294,0.252,0.212,0.286,0.28,0.246,0.282,0.044,0.286,0.302,0.24,0.306,0.3,0.342,0.332,0.22,0.288,0.252,0.276,0.294,0.346
