Model,Avg. Accuracy,Fold 1,Fold 2,Fold 3,Fold 4,Fold 5
LinReg_v1,0.2712380952380952,0.2571428571428571,0.2785714285714286,0.2885714285714286,0.2766666666666666,0.2552380952380952
LinReg_v2,0.2707619047619047,0.2561904761904762,0.2785714285714286,0.2871428571428571,0.2761904761904762,0.2557142857142857
LinReg_v3,0.2711428571428571,0.2585714285714285,0.2780952380952381,0.2876190476190476,0.2761904761904762,0.2552380952380952
LogReg_v1,0.5889523809523809,0.5961904761904762,0.5885714285714285,0.5571428571428572,0.6028571428571429,0.6
LogReg_v2,0.5889523809523809,0.5961904761904762,0.5885714285714285,0.5571428571428572,0.6028571428571429,0.6
LogReg_v3,0.5889523809523809,0.5961904761904762,0.5885714285714285,0.5571428571428572,0.6028571428571429,0.6
LogReg_v1,0.5889523809523809,0.5961904761904762,0.5885714285714285,0.5571428571428572,0.6028571428571429,0.6
LogReg_v2,0.5889523809523809,0.5961904761904762,0.5885714285714285,0.5571428571428572,0.6028571428571429,0.6
LogReg_v3,0.5889523809523809,0.5961904761904762,0.5885714285714285,0.5571428571428572,0.6028571428571429,0.6
